#{"t_start": 1753208471.752023, "env_id": "None"}
r,l,t
1586.785169,1024,4.208178
1570.987005,1024,9.846696
1462.730071,1024,14.53317
1572.65766,1024,18.955215
1522.82351,1024,24.71718
1611.304196,1024,29.118519
1468.814348,1024,33.700107
1580.096094,1024,39.349324
3.918551,9,41.530863
1518.118035,1024,46.138855
1535.869163,1024,51.633816
1618.765964,1024,56.457191
1613.727363,1024,60.945981
6.416577,9,60.965307
1548.581778,1024,66.677133
1547.406578,1024,71.281924
1501.945277,1024,75.834432
1545.213712,1024,81.622066
1558.018734,1024,86.134764
1532.273791,1024,90.844686
1576.291134,1024,96.532486
1595.190635,1024,101.094553
1555.836377,1024,106.30517
1554.176457,1024,111.493984
1611.325156,1024,116.045639
1584.907897,1024,121.471292
1451.532546,1024,126.327497
8.047918,10,126.364591
1501.260617,1024,130.966418
8.047918,10,130.989167
1578.431999,1024,136.775291
1623.006374,1024,141.399249
1517.999959,1024,145.847691
1569.438382,1024,151.58445
1546.205585,1024,156.077634
1538.800745,1024,160.716612
1596.481084,1024,166.531121
1566.232387,1024,171.396971
7.43404,9,171.418478
1596.252558,1024,176.883682
1607.169488,1024,181.964462
1514.45309,1024,186.742609
8.016569,10,186.765828
1569.231397,1024,192.665756
1511.5407,1024,197.402039
1575.994994,1024,202.003902
1504.991364,1024,207.814365
1584.190273,1024,212.437183
1481.988597,1024,217.441965
1526.202112,1024,222.868183
1569.874185,1024,227.280524
1468.493195,1024,232.543402
1577.07572,1024,237.698132
1537.219356,1024,242.388602
1412.969201,1024,248.086483
1515.202138,1024,252.66279
1549.993376,1024,257.195929
1424.720635,1024,263.331487
1562.695611,1024,267.961486
8.047918,10,267.985246
1488.917859,1024,272.430187
1520.719669,1024,278.199641
1424.547938,1024,282.627483
1501.988296,1024,287.269901
1547.409656,1024,292.800112
1600.020119,1024,297.350826
1546.249502,1024,302.473409
1465.149757,1024,307.732614
1572.879226,1024,312.297504
1315.383372,1024,317.850418
1398.167817,1024,322.651455
1370.295016,1024,327.215758
1490.452836,1024,332.88849
1442.583134,1024,337.271894
6.368922,9,337.290215
1502.343992,1024,341.671519
1548.465544,1024,347.363976
1470.615306,1024,351.914767
1375.514669,1024,356.454168
1358.232479,1024,362.096074
1450.87499,1024,366.622783
1485.403728,1024,371.052297
1285.085258,1024,376.535256
1574.801985,1024,380.932058
1387.419778,1024,385.614293
1484.540925,1024,390.922721
1614.906886,1024,395.309508
1503.387577,1024,400.162165
1482.273082,1024,405.372153
1445.429615,1024,409.761613
1293.748645,1024,414.779898
1580.473405,1024,419.959441
1508.230901,1024,424.657595
1580.787988,1024,430.384125
1481.701736,1024,435.245518
1459.958978,1024,439.842334
1534.007907,1024,445.713109
1510.199198,1024,450.377918
1510.587923,1024,455.378677
1552.164948,1024,461.074976
1354.988616,1024,465.800937
1566.977363,1024,471.157626
1512.660368,1024,476.31874
1450.990632,1024,480.842871
1568.366824,1024,486.408326
1518.328359,1024,491.120881
1513.595438,1024,495.724096
1507.752527,1024,501.419781
1437.609761,1024,505.918876
1568.400931,1024,510.406348
1525.051099,1024,516.20737
1523.245399,1024,520.687235
1583.68533,1024,525.166505
1524.040152,1024,530.920678
1477.740401,1024,535.477671
3.918551,9,535.49839
1519.933543,1024,540.394947
1463.740861,1024,545.762437
1495.624734,1024,550.335122
1449.386705,1024,555.806039
1499.786535,1024,560.922741
1369.081333,1024,565.575099
1556.532235,1024,571.534587
1435.496571,1024,576.279054
1584.041132,1024,580.904783
1470.550952,1024,586.686367
1405.362535,1024,591.209431
1486.276923,1024,596.271771
1398.871662,1024,601.799744
1320.408472,1024,606.445384
1538.313746,1024,611.881825
1538.657789,1024,617.169586
1567.202765,1024,622.375827
1400.953682,1024,628.443781
1545.010732,1024,633.308059
1405.28527,1024,638.412438
1470.72829,1024,644.069103
8.047918,10,644.102342
1505.70748,1024,648.778826
1440.897667,1024,654.792056
1447.109419,1024,659.86286
1457.92019,1024,664.686987
1450.164128,1024,670.801487
1495.622519,1024,675.677778
1495.998879,1024,681.151726
1526.606269,1024,686.860877
1554.657738,1024,691.508358
1434.30417,1024,697.647201
1569.566157,1024,702.646008
1579.400286,1024,707.406362
1544.242454,1024,713.321643
1547.248677,1024,718.063465
1454.942794,1024,723.14593
1438.59879,1024,728.842878
1401.575404,1024,733.50428
1523.545737,1024,739.036899
1587.667132,1024,744.104391
1460.57276,1024,748.788053
1442.091384,1024,754.762891
1516.405321,1024,759.523063
1525.478417,1024,764.492024
1548.446994,1024,770.216843
1520.039535,1024,775.200716
8.155003,10,775.227861
1448.621202,1024,780.696281
8.155003,10,780.732927
1531.426346,1024,786.087957
1421.202615,1024,790.931547
1515.016153,1024,796.950283
1444.128298,1024,801.801534
1379.580421,1024,807.043811
1482.909276,1024,812.908986
1381.443313,1024,817.599732
1528.384566,1024,823.238619
1441.254502,1024,828.38571
8.038719,10,828.413019
1488.0625,1024,833.093586
1333.793972,1024,839.267792
1460.572913,1024,844.317527
1434.908478,1024,849.534301
1445.55334,1024,855.212346
1419.002525,1024,859.966489
5.217567,9,859.986681
1414.121038,1024,865.688715
1406.812566,1024,870.790826
1408.323126,1024,875.614415
3.918551,9,875.636529
8.029661,10,875.667395
1519.730355,1024,881.555625
1456.718926,1024,886.295634
1502.149028,1024,891.544864
1457.636138,1024,897.22813
1352.455853,1024,901.947371
1442.152824,1024,907.691602
1477.016484,1024,912.748891
1465.845942,1024,917.414897
1525.53099,1024,923.397503
1540.102577,1024,928.060629
1489.464446,1024,932.614463
3.918551,9,932.63758
6.945427,9,932.674461
1431.73793,1024,938.416059
1523.010012,1024,942.941361
1422.119397,1024,947.708664
1482.510573,1024,953.135815
1527.077683,1024,957.730716
1524.807045,1024,962.824094
1485.306442,1024,967.891584
1470.680483,1024,972.294508
1365.94552,1024,977.695346
800.211202,604,979.426052
1534.440078,1024,983.862768
1556.966334,1024,988.332232
1421.137021,1024,994.179967
1491.345706,1024,998.637886
1521.040027,1024,1003.313215
6.416577,9,1003.342531
1544.776417,1024,1008.834038
1472.850262,1024,1013.273209
1533.792649,1024,1018.26549
1453.977853,1024,1023.566959
1505.75352,1024,1028.155872
1416.818683,1024,1033.496294
1502.51839,1024,1038.434623
1423.760119,1024,1042.93832
1536.701285,1024,1048.712808
1445.786767,1024,1053.182696
1475.803678,1024,1057.666249
1423.2781,1024,1063.300202
1570.460313,1024,1067.83809
1490.774609,1024,1072.257465
1512.498335,1024,1077.91748
1398.222771,1024,1082.37319
11.926684,18,1082.430007
1385.263955,1024,1087.153803
1420.824546,1024,1092.582912
1363.73139,1024,1096.990056
1447.659857,1024,1102.135074
1363.464216,1024,1107.358618
1419.697179,1024,1111.913941
1478.215299,1024,1117.265096
4.377165,9,1117.296954
1464.952217,1024,1122.089975
1531.039907,1024,1126.509955
1468.768709,1024,1132.130845
1461.676095,1024,1136.810986
1492.972607,1024,1141.44149
1482.277129,1024,1147.333989
1516.88009,1024,1151.932205
1438.160099,1024,1156.602535
10.187747,9,1156.640763
1440.538698,1024,1162.501541
1472.26447,1024,1167.224905
1571.339544,1024,1172.530794
1437.904127,1024,1177.844748
1409.164998,1024,1182.509558
1453.058632,1024,1188.146842
1402.108418,1024,1193.083434
1517.904443,1024,1197.698711
1472.276879,1024,1203.615897
1445.648563,1024,1208.327133
1486.388231,1024,1213.079914
1436.42791,1024,1218.816566
1498.807251,1024,1223.319829
1447.213231,1024,1228.801344
1405.876715,1024,1233.848407
1435.94565,1024,1238.395572
1406.350101,1024,1243.888978
1509.674365,1024,1248.735199
1428.982383,1024,1253.200454
1374.049141,1024,1259.020691
1463.319605,1024,1263.527479
1419.054137,1024,1268.08925
1447.547033,1024,1273.969275
1479.59874,1024,1278.618227
1345.968706,1024,1283.445529
1423.871176,1024,1288.96749
1452.365858,1024,1293.516098
7.16476,10,1293.549637
1503.09903,1024,1298.828922
1480.193859,1024,1303.862842
1474.501107,1024,1308.348539
1496.263861,1024,1313.872486
1394.665262,1024,1318.731524
1377.033832,1024,1323.286582
1470.286393,1024,1329.194147
1472.728481,1024,1333.791162
1446.276535,1024,1338.470809
456.40481,366,1342.810885
1483.848254,1024,1347.433911
1418.554959,1024,1352.307309
1397.796785,1024,1358.229109
1482.173363,1024,1362.949011
1454.054988,1024,1367.697218
1485.718,1024,1373.237956
1473.019429,1024,1377.783599
1429.187889,1024,1382.943244
1437.942312,1024,1388.30893
1491.339519,1024,1392.961182
7.873887,9,1392.982184
1435.712707,1024,1398.631815
1496.304752,1024,1403.395962
1484.209221,1024,1408.000528
1514.032009,1024,1413.914981
1478.931816,1024,1418.643568
1473.380514,1024,1423.359646
1427.572147,1024,1429.081818
1463.587042,1024,1433.917985
1471.508838,1024,1438.995417
1426.79597,1024,1444.225572
5.953418,9,1444.245473
1473.306539,1024,1448.800698
598.785167,435,1449.801744
1436.968178,1024,1455.630093
853.374882,623,1459.195218
1542.493333,1024,1463.695036
1428.346927,1024,1469.338238
1419.114883,1024,1473.837679
1.828949,9,1473.85985
1448.311693,1024,1478.374916
1474.761414,1024,1484.218494
1516.063942,1024,1488.739465
1522.068615,1024,1493.459913
1474.810797,1024,1499.025161
1470.198815,1024,1503.594575
1568.493444,1024,1508.452846
1577.566958,1024,1513.830107
1471.527381,1024,1518.494782
1478.016452,1024,1523.962097
4.484668,9,1523.98877
1341.776777,1024,1528.828371
1445.291575,1024,1533.334045
1344.772088,1024,1539.179567
7.387078,9,1539.204558
1482.852469,1024,1543.729934
1380.781551,1024,1548.217805
8.550129,9,1548.238179
1517.787018,1024,1554.050959
1435.894747,1024,1558.404719
1469.043976,1024,1562.943162
1547.689793,1024,1568.674008
1486.721823,1024,1573.285315
7.920722,8,1573.306777
1489.342293,1024,1578.401284
1536.281613,1024,1583.824867
6.416577,9,1583.84769
1485.297575,1024,1588.370818
1414.349038,1024,1593.514697
1497.405816,1024,1598.579122
1427.137055,1024,1602.993111
1532.463674,1024,1608.514074
1467.114218,1024,1613.334573
1464.690178,1024,1618.002631
1469.697512,1024,1623.786674
1462.450345,1024,1628.423052
1456.781231,1024,1632.986613
1456.821233,1024,1638.771834
1479.651378,1024,1643.389591
1495.047661,1024,1648.328124
1429.37027,1024,1653.730695
1541.728569,1024,1658.260009
1422.838395,1024,1663.360767
1439.817103,1024,1668.34994
1494.774187,1024,1672.704847
1550.846683,1024,1677.982538
1480.976529,1024,1682.78018
1478.971559,1024,1687.420369
1483.705279,1024,1693.498603
1455.98365,1024,1698.321229
1498.887021,1024,1703.042183
1459.285696,1024,1708.732516
1501.643078,1024,1713.104318
1498.065644,1024,1717.897075
1510.280345,1024,1723.238391
1532.494712,1024,1727.743352
1460.38276,1024,1732.873511
1451.303627,1024,1738.179602
1464.148864,1024,1742.779843
1490.039035,1024,1748.262359
1348.314844,1024,1753.221201
1502.837684,1024,1757.808405
1484.652509,1024,1763.57558
1410.786793,1024,1768.107037
1534.58207,1024,1772.512892
1453.76736,1024,1778.267474
1429.87558,1024,1782.772661
1427.339419,1024,1787.304619
1534.079268,1024,1792.95717
1501.290645,1024,1797.374196
1470.452528,1024,1802.114908
1539.734057,1024,1807.57234
1412.299554,1024,1812.141523
7.491168,9,1812.163422
1527.791421,1024,1817.222719
1376.363974,1024,1822.377663
1449.281077,1024,1826.866748
1590.542781,1024,1832.14351
1416.92187,1024,1836.967773
1485.86533,1024,1841.359326
1477.920021,1024,1846.916754
1440.791447,1024,1851.419911
1529.484101,1024,1855.949164
1483.086057,1024,1861.596637
1494.353207,1024,1866.098164
1498.292889,1024,1870.618341
1494.235154,1024,1876.345508
1452.141498,1024,1880.928946
1530.685184,1024,1885.415198
1452.087587,1024,1890.966971
4.950511,9,1890.986915
1550.828501,1024,1895.49917
1451.651866,1024,1900.338983
1472.635752,1024,1905.624095
1466.118586,1024,1910.007904
187.470871,157,1910.367828
1478.629036,1024,1915.541111
1455.260104,1024,1920.423302
1461.91386,1024,1924.863902
1481.955948,1024,1930.334296
1549.732385,1024,1935.024654
1380.918185,1024,1939.530046
1434.416653,1024,1945.55771
1359.179279,1024,1950.040419
1481.119826,1024,1954.44842
1448.054096,1024,1960.104719
1416.956287,1024,1964.523413
1520.89056,1024,1969.030642
8.550129,9,1969.050944
1446.60765,1024,1974.78561
1442.791481,1024,1979.268136
10.463715,9,1979.290378
1410.101648,1024,1983.96945
1525.922989,1024,1989.492554
1388.19033,1024,1993.937706
1548.768266,1024,1998.941484
1506.911288,1024,2004.38742
1517.046607,1024,2009.053244
1512.988211,1024,2014.883066
1506.598897,1024,2019.698114
1483.247194,1024,2024.25668
1461.203308,1024,2030.118955
1461.385048,1024,2034.810434
594.155049,418,2035.828908
1453.339278,1024,2041.043067
1540.162822,1024,2046.367733
8.047918,10,2046.393484
1351.691058,1024,2051.49682
1475.628289,1024,2057.456011
1020.355196,715,2061.548982
8.017006,10,2061.575437
1463.387275,1024,2066.41863
1504.700842,1024,2072.465414
1470.609113,1024,2077.320646
1383.72048,1024,2082.145179
1489.438033,1024,2087.886658
1478.767087,1024,2092.451153
1453.295218,1024,2097.68072
7.873887,9,2097.710745
1413.575897,1024,2102.763664
1469.333344,1024,2107.327515
1426.889884,1024,2113.101954
1377.902105,1024,2117.710997
1500.436323,1024,2122.275072
11.588142,15,2122.311556
1485.799804,1024,2128.147455
1493.789644,1024,2132.898935
5.109197,8,2132.91936
8.05744,11,2132.950015
1439.810348,1024,2137.85371
1448.268768,1024,2143.911247
1523.96401,1024,2148.724513
1558.849414,1024,2154.677931
8.047918,9,2154.706555
1469.020425,1024,2159.772036
1535.645884,1024,2164.530664
1503.613279,1024,2170.638344
1455.580453,1024,2175.72702
1456.963078,1024,2180.661824
10.055152,9,2180.69786
1435.489105,1024,2186.37557
1484.229877,1024,2191.088953
1575.263544,1024,2196.673134
894.508692,1024,2201.803088
1482.098971,1024,2206.492775
1506.855112,1024,2212.635153
1396.508358,1024,2217.229751
1495.029683,1024,2221.950819
1518.57554,1024,2227.946472
1396.478362,1024,2232.701658
9.67609,12,2232.731397
1489.32379,1024,2238.002683
8.047918,9,2238.031499
8.047918,10,2238.065761
8.047918,10,2238.099041
1471.002522,1024,2243.371655
1485.795735,1024,2248.052577
1496.066296,1024,2253.844203
7.344445,10,2253.888093
1473.534433,1024,2258.77831
10.846824,9,2258.815044
1507.862911,1024,2263.503811
1421.122041,1024,2269.482133
3.516973,9,2269.502457
8.330179,9,2269.522485
1427.712684,1024,2274.414737
1458.804636,1024,2279.303793
1476.644246,1024,2284.713227
7.995405,9,2284.733716
6.892708,11,2284.758426
1438.088565,1024,2289.340835
1488.744175,1024,2294.697693
1457.295733,1024,2299.742248
1498.665449,1024,2304.398868
1516.487719,1024,2310.168213
1473.836897,1024,2314.740079
1459.057552,1024,2319.227891
1564.025621,1024,2324.79775
763.246174,553,2328.154806
1505.270761,1024,2332.977582
1521.606027,1024,2338.971771
1482.618223,1024,2343.967758
1423.009627,1024,2349.208611
1547.67037,1024,2354.975168
1499.35594,1024,2359.713602
7.389862,9,2359.735914
1551.643017,1024,2365.363736
1507.268575,1024,2370.344059
1417.880846,1024,2375.066812
4.548617,11,2375.094794
1438.34547,1024,2381.050543
1503.714672,1024,2385.739733
1483.897821,1024,2390.271151
1522.382868,1024,2396.145768
1505.931466,1024,2400.8315
1537.208828,1024,2405.874245
1432.455371,1024,2411.370826
6.365065,9,2411.393322
1456.916175,1024,2416.004428
1519.601475,1024,2421.377582
7.266135,9,2421.407488
1481.806681,1024,2426.37583
1536.309498,1024,2431.037844
1527.738086,1024,2436.88016
1557.676203,1024,2441.443507
1538.512819,1024,2446.049689
1438.781936,1024,2451.788831
10.846824,9,2451.80818
1468.098607,1024,2456.507052
1417.645949,1024,2461.468956
2749.17654,1902,2574.352962
1537.275118,1024,2579.593578
1562.66255,1024,2584.9316
1442.165144,1024,2589.565281
1479.592814,1024,2595.571975
1404.588053,1024,2600.26867
1484.03698,1024,2605.045144
1383.990396,1024,2611.01769
1412.32238,1024,2615.584399
1523.94512,1024,2620.515642
1548.229018,1024,2626.119485
1342.411647,1024,2630.84104
1462.567428,1024,2636.222978
3.629774,9,2636.252576
1498.163748,1024,2641.339277
1511.32545,1024,2645.968276
6.257821,9,2645.988033
7.477983,9,2646.011325
1397.559414,1024,2651.931012
1501.021864,1024,2656.603472
1503.314857,1024,2661.324286
1394.600793,1024,2667.185228
1444.008784,1024,2671.984347
8.047918,10,2672.010016
1476.211769,1024,2677.222137
1443.364113,1024,2682.592356
1436.935387,1024,2687.160347
1410.069488,1024,2692.706767
1349.127392,1024,2697.63817
1423.379367,1024,2702.265701
1555.372947,1024,2708.20358
1442.943911,1024,2713.098299
1509.15904,1024,2718.061897
1432.383907,1024,2723.973274
3.601566,9,2724.002071
1424.588935,1024,2728.64905
9.263944,9,2728.674658
1461.054036,1024,2734.10912
1384.978492,1024,2739.297384
1515.61144,1024,2744.0823
1502.638691,1024,2749.926144
1410.107126,1024,2754.532937
1416.266616,1024,2759.097209
1345.486325,1024,2764.927514
1518.290188,1024,2769.573096
1434.405637,1024,2774.672537
1453.808431,1024,2780.336895
1459.952084,1024,2784.975847
1407.79234,1024,2790.324133
1468.934629,1024,2795.43998
1494.146425,1024,2800.208968
1486.190481,1024,2806.376302
1497.265555,1024,2811.117852
1487.616372,1024,2815.881729
1498.574814,1024,2821.752725
1526.916321,1024,2826.595583
1530.931218,1024,2832.107408
1483.194942,1024,2837.406155
1367.328314,1024,2842.194169
7.002145,9,2842.21507
6.373219,9,2842.236138
1462.340551,1024,2848.064025
1437.594415,1024,2852.695481
1400.821043,1024,2857.359015
1512.867271,1024,2863.254903
1542.270532,1024,2867.959164
1451.839329,1024,2872.884869
1518.621584,1024,2878.368074
6.404021,9,2878.389901
7.69003,11,2878.415084
3.918551,9,2878.436836
1556.809641,1024,2883.141801
1530.902444,1024,2888.755221
7.491168,9,2888.786335
1494.35164,1024,2893.949297
1516.733946,1024,2898.585239
9.902979,9,2898.606525
1494.903753,1024,2904.59988
1465.209354,1024,2909.854568
1539.256525,1024,2914.722033
7.290704,10,2914.755213
1575.469222,1024,2920.301614
1542.943861,1024,2925.041724
4.831088,10,2925.065862
1486.118103,1024,2930.483023
1516.704792,1024,2935.625448
6.94038,9,2935.648938
1477.864768,1024,2940.187225
1540.73156,1024,2946.160068
1526.289323,1024,2950.922615
1495.643838,1024,2955.601966
1508.365187,1024,2961.484879
1522.758967,1024,2966.061067
1536.753253,1024,2970.983497
1465.814042,1024,2976.510548
1481.110296,1024,2981.037393
1506.226516,1024,2986.391879
1353.606322,1024,2991.444492
1443.864979,1024,2995.919254
1497.237413,1024,3001.673417
1407.84317,1024,3006.269205
1427.633902,1024,3010.894945
1509.528427,1024,3016.661504
1421.579951,1024,3021.308281
8.047918,10,3021.344467
1463.27287,1024,3025.943307
3.889188,9,3025.967564
1442.403028,1024,3031.822082
1410.813411,1024,3036.475031
1391.536497,1024,3041.487825
1468.482832,1024,3046.747246
1481.054367,1024,3051.378086
1420.475164,1024,3056.811066
7.491168,9,3056.840294
1508.50885,1024,3061.799127
1466.763251,1024,3066.364515
1495.89143,1024,3072.167813
1346.722804,1024,3076.769654
1435.455875,1024,3081.308994
1520.169249,1024,3087.120968
1532.672508,1024,3091.650634
1482.844792,1024,3096.565811
6.873574,9,3096.598991
1494.806837,1024,3102.431889
1447.831655,1024,3107.131845
8.05744,10,3107.157035
1465.85358,1024,3112.569194
10.846824,9,3112.599385
1493.506861,1024,3117.607684
1481.482703,1024,3122.230176
1521.118499,1024,3128.202785
5.408698,9,3128.224391
1469.162155,1024,3133.097561
1508.616992,1024,3137.822251
1501.563341,1024,3143.631849
1487.135542,1024,3148.163812
1515.992403,1024,3153.049126
1445.817587,1024,3158.450565
1524.307765,1024,3163.073467
1491.184429,1024,3168.390874
6.50121,8,3168.415996
1500.845194,1024,3173.454102
3.886028,12,3173.487484
1494.581294,1024,3178.004071
1384.827406,1024,3183.694045
1478.841671,1024,3188.426957
3.629774,9,3188.44925
1455.930495,1024,3193.088088
1482.796126,1024,3198.934703
1422.379015,1024,3203.57838
4.637581,9,3203.601198
1460.204727,1024,3208.380763
10.238894,9,3208.415253
1519.20885,1024,3214.113253
1424.059865,1024,3218.761031
1436.026288,1024,3223.824412
1431.968437,1024,3229.068022
10.846824,9,3229.101069
1333.782741,1024,3233.898432
1400.712432,1024,3239.399744
10.846824,9,3239.435427
1524.220527,1024,3244.374284
1600.095577,1024,3249.189033
1434.246578,1024,3255.065107
3.415669,9,3255.086361
1536.986475,1024,3259.711025
1508.921881,1024,3264.805184
7.510823,9,3264.839922
5.705648,9,3264.872033
1445.025708,1024,3270.449517
1482.443792,1024,3275.098876
1452.703179,1024,3280.477344
1457.365692,1024,3285.669031
6.766663,9,3285.689686
1529.986639,1024,3290.231313
1532.418189,1024,3296.018072
6.511538,11,3296.059905
1490.641732,1024,3300.774451
7.018426,14,3300.816113
1463.803486,1024,3305.417876
1480.729664,1024,3311.249672
1552.559409,1024,3315.960355
1539.514016,1024,3320.929883
1434.138353,1024,3326.483765
1458.717996,1024,3331.176026
1479.741267,1024,3336.687728
1521.795908,1024,3341.756053
1552.954373,1024,3346.461187
1402.205167,1024,3352.403381
1412.948058,1024,3357.128865
8.029661,10,3357.153607
1512.375498,1024,3361.956209
1565.714929,1024,3367.893409
1505.839295,1024,3372.637633
1510.205805,1024,3377.834861
1093.454446,783,3382.690432
1478.999148,1024,3387.332505
1476.491506,1024,3392.584073
3.71385,9,3392.617209
1451.653913,1024,3397.846033
1422.915482,1024,3402.407523
1477.745088,1024,3408.329978
1468.753977,1024,3412.998939
7.259932,9,3413.020493
19.665984,31,3413.099482
1482.08678,1024,3417.769196
1554.270712,1024,3423.61038
1431.283285,1024,3428.279536
1474.888237,1024,3433.187631
1461.673979,1024,3438.777443
7.491168,9,3438.799218
1423.765262,1024,3443.512229
8.195781,9,3443.53416
1417.205144,1024,3448.792156
1515.26354,1024,3453.897762
1514.909981,1024,3458.500941
7.018189,10,3458.529552
1487.643033,1024,3464.501536
1448.389601,1024,3469.018851
8.550129,9,3469.04128
1447.561369,1024,3473.62252
1484.643204,1024,3479.397153
1405.000319,1024,3483.939298
672.411284,480,3485.060302
1450.976039,1024,3490.324176
8.550129,9,3490.352167
1487.982946,1024,3495.583019
1453.609946,1024,3500.171023
1430.968379,1024,3505.806033
1433.310071,1024,3510.587523
10.059257,9,3510.610642
1419.345059,1024,3515.158997
1381.58489,1024,3520.967404
1313.779283,1024,3525.619901
1395.102211,1024,3530.448763
1354.433921,1024,3536.430626
7.939946,9,3536.453486
1429.203798,1024,3541.186812
1477.268004,1024,3546.638684
1378.470801,1024,3551.788275
1376.143708,1024,3556.443993
8.550129,9,3556.464356
1468.169786,1024,3562.421601
1446.991928,1024,3567.067713
8.550129,9,3567.093611
97.096722,73,3567.265683
1387.64669,1024,3572.005373
1339.539158,1024,3577.955248
5.117983,10,3577.978319
1363.04985,1024,3582.605364
6.519839,9,3582.62683
1415.093949,1024,3587.635111
1412.541224,1024,3593.149203
4.514365,9,3593.170767
1376.974567,1024,3597.743544
1462.304079,1024,3603.256365
9.769623,13,3603.300446
901.949777,720,3607.619001
9.295546,14,3607.655556
1268.503717,985,3612.287886
1501.582406,1024,3618.067553
6.420152,9,3618.099903
4.523978,9,3618.131845
1382.849563,1024,3622.993132
5.940735,9,3623.015982
8.589913,9,3623.036802
3.52737,9,3623.056035
1469.237029,1024,3627.761482
1512.298576,1024,3633.637721
8.020802,10,3633.678418
6.663822,9,3633.701906
1387.909424,1024,3638.376662
1341.96249,1024,3643.420475
1359.8639,1024,3649.025955
2.48513,9,3649.047163
1384.3927,1024,3653.754555
1500.542874,1024,3659.288007
1456.907113,1024,3664.339141
1393.766428,1024,3668.952607
8.047918,9,3668.975414
1363.364044,1024,3675.002024
1461.829159,1024,3679.582407
5.699108,9,3679.604105
1474.385463,1024,3684.290614
8.047918,10,3684.317447
1459.045659,1024,3690.151845
1466.170296,1024,3694.755213
1392.682567,1024,3699.708014
1390.378613,1024,3705.105712
1425.620439,1024,3709.601115
8.082425,10,3709.624962
11.134109,12,3709.651602
1374.905837,1024,3715.035088
10.820966,9,3715.067995
1389.586303,1024,3719.913136
1421.424193,1024,3724.411915
1405.040214,1024,3729.909728
1320.586169,1024,3734.646537
7.997938,10,3734.6713
1425.22844,1024,3739.174765
1403.340338,1024,3744.826658
4.253029,9,3744.846545
4.022346,9,3744.869122
9.764762,8,3744.886945
1333.00927,1024,3749.255235
5.833748,9,3749.27486
6.375833,8,3749.291166
8.550129,9,3749.310218
1445.454024,1024,3753.705832
1450.25347,1024,3759.32499
4.03616,9,3759.348585
1363.110265,1024,3763.777329
1415.518736,1024,3768.157864
7.393393,10,3768.179465
1431.938005,1024,3773.794919
9.197095,9,3773.816163
1441.024373,1024,3778.151362
1473.087236,1024,3782.668218
8.565792,8,3782.691998
4.7972,9,3782.72032
95.152337,96,3786.058118
3.549692,8,3786.080886
1425.765124,1024,3790.730857
1458.974654,1024,3795.25941
8.195781,9,3795.279016
5.857499,8,3795.295423
1384.787338,1024,3801.10799
1397.912795,1024,3805.520113
8.05744,9,3805.540431
1344.146994,1024,3810.019041
1325.296869,1024,3815.813959
5.857528,10,3815.836015
1411.4159,1024,3820.487316
7.026883,9,3820.509031
1357.889709,1024,3825.391507
6.569103,8,3825.425338
1384.005053,1024,3830.924839
1443.783803,1024,3835.438121
8.550129,9,3835.457713
1464.325595,1024,3840.339658
1371.188978,1024,3845.425717
1371.592012,1024,3849.84948
10.846824,9,3849.871488
1382.587187,1024,3855.330132
1414.178345,1024,3860.255251
1428.283643,1024,3864.710766
1472.06046,1024,3870.314671
5.285031,9,3870.343394
1447.483848,1024,3874.879584
1420.836517,1024,3879.268504
1425.891923,1024,3884.860325
4.253029,9,3884.881392
1497.745992,1024,3889.38719
1237.874202,1024,3893.84312
1293.797607,1024,3899.524508
1443.85562,1024,3904.032118
1408.21477,1024,3908.660039
1401.108003,1024,3914.334886
1380.958809,1024,3918.77128
8.355038,9,3918.790879
1403.427857,1024,3923.966787
10.843291,9,3923.999954
1464.467231,1024,3929.207436
1505.18004,1024,3933.659409
11.021291,15,3933.694964
1412.17347,1024,3938.98168
1403.152138,1024,3943.96484
1485.710494,1024,3948.538611
1458.390319,1024,3954.341391
1336.300087,1024,3958.786424
1461.160729,1024,3963.212446
1462.925087,1024,3968.973923
1404.882913,1024,3973.493073
1446.017867,1024,3978.048702
1428.677535,1024,3983.877228
1382.030379,1024,3988.492513
3.595999,9,3988.514035
1320.055907,1024,3993.302346
1423.709763,1024,3998.891725
1300.111815,1024,4003.309988
10.846824,9,4003.328916
1450.683545,1024,4008.449522
1338.369652,1024,4013.505185
1401.943226,1024,4018.052439
1378.067154,1024,4023.582499
1454.2615,1024,4028.330211
7.728589,12,4028.364341
1380.270142,1024,4032.889927
1367.908007,1024,4038.634602
1472.423009,1024,4043.140828
1443.932445,1024,4047.591337
1463.895045,1024,4053.358246
1327.316957,1024,4057.869311
38.090074,49,4057.986717
1218.245053,1024,4062.491565
1428.116628,1024,4068.174552
8.550129,9,4068.194427
1433.855427,1024,4072.658364
1324.462718,1024,4077.36879
7.873994,9,4077.395605
1367.008097,1024,4082.755655
1398.557308,1024,4087.274412
1410.242779,1024,4092.188826
1452.921142,1024,4097.374549
4.124223,9,4097.395969
1389.027048,1024,4101.922895
6.876709,10,4101.947135
4.129964,9,4101.966665
6.294936,12,4101.991436
930.772666,744,4103.719068
9.054059,9,4103.743408
1445.064135,1024,4109.451377
1453.593199,1024,4113.933417
1459.035828,1024,4118.386044
1457.159237,1024,4123.970669
7.804556,9,4126.121118
1366.378362,1024,4130.632797
1422.355974,1024,4136.523452
1439.448528,1024,4140.99485
1395.530008,1024,4145.514657
3.233319,9,4145.534753
1406.654029,1024,4151.313063
7.667172,9,4151.334759
1460.098667,1024,4155.940954
1395.676642,1024,4160.403526
1409.253017,1024,4166.149274
1435.780862,1024,4170.69688
1427.395132,1024,4175.557485
1437.363058,1024,4180.980119
6.56001,10,4181.001473
1364.777515,1024,4185.412045
10.834792,9,4185.429745
1462.353137,1024,4190.428605
6.641015,9,4190.456205
1433.779901,1024,4195.553323
10.266596,11,4195.579281
1401.532425,1024,4199.969226
1415.917598,1024,4205.145968
1416.409331,1024,4209.97974
1450.618571,1024,4214.440525
1409.468472,1024,4219.755848
1443.423685,1024,4224.412352
1395.816074,1024,4228.886112
1395.610367,1024,4234.624753
1394.056341,1024,4239.260428
1404.913735,1024,4243.736149
1439.100836,1024,4249.555749
1467.163944,1024,4254.2143
1443.991859,1024,4258.747749
1383.366912,1024,4264.567859
1488.386918,1024,4269.147002
1268.159115,1024,4274.649679
10.06517,9,4274.684454
1398.675894,1024,4280.196362
1389.256162,1024,4285.266636
7.066788,9,4285.287713
1385.200653,1024,4291.137408
8.680272,9,4291.157187
10.793075,9,4291.178154
1271.691075,915,4293.262081
1466.708814,1024,4297.92397
5.512166,12,4300.111428
1350.381425,1024,4305.90278
1435.082513,1024,4310.617666
1446.202398,1024,4315.399526
1452.694381,1024,4321.06686
1404.043892,1024,4325.601547
1480.77487,1024,4330.745616
10.185391,9,4330.780329
1436.993812,1024,4335.95131
1344.655305,1024,4340.381302
10.846824,9,4340.400403
1453.6376,1024,4345.758249
6.375833,8,4345.788514
1434.106001,1024,4350.683546
1388.404914,1024,4355.166024
1425.455388,1024,4360.912089
7.409229,11,4360.935333
5.848783,8,4360.953214
8.522624,10,4360.974773
7.587298,9,4360.993729
1447.037672,1024,4365.448478
1402.63503,1024,4369.968767
1441.754083,1024,4375.722233
1483.61114,1024,4380.416912
1470.326915,1024,4385.35981
1413.6117,1024,4390.963892
8.680272,12,4390.989343
4.642402,9,4391.010643
10.094914,9,4391.030134
1355.20225,1024,4395.58977
1452.513648,1024,4400.925226
1402.42985,1024,4405.993599
1370.954123,1024,4410.406024
1530.434016,1024,4415.913208
1358.180009,1024,4420.550222
8.664712,9,4420.575173
1446.395952,1024,4425.014684
1478.970231,1024,4430.597931
6.887241,10,4430.621116
7.278015,10,4430.650127
1444.915054,1024,4435.056438
1430.423461,1024,4439.410853
1405.450697,1024,4445.091546
1422.954112,1024,4449.831742
1524.207999,1024,4454.390687
1372.587157,1024,4460.167659
1381.004928,1024,4464.756065
1466.588924,1024,4469.421231
1420.80601,1024,4474.989981
1444.682347,1024,4479.484576
1449.90327,1024,4484.687704
1422.65536,1024,4489.914547
10.846824,9,4489.933554
1412.461612,1024,4494.511927
1420.450834,1024,4499.899246
10.813865,9,4499.926159
1349.574117,1024,4504.807853
1437.843392,1024,4509.530199
1454.937044,1024,4515.454511
1494.596881,1024,4520.108394
1469.254076,1024,4524.713142
1484.129211,1024,4530.406363
1436.136008,1024,4534.984589
7.470695,9,4535.003563
1482.137127,1024,4539.898609
1454.147366,1024,4545.376709
1378.633822,1024,4549.981404
1414.743752,1024,4555.102322
1395.946189,1024,4559.990905
5.75203,9,4560.01409
1376.89372,1024,4564.42092
1469.036386,1024,4569.732483
6.831271,9,4569.767663
1362.141161,1024,4574.613306
10.846824,9,4574.63456
1440.030985,1024,4579.109477
4.389308,9,4579.130054
6.158263,9,4579.151532
5.001733,9,4579.171567
1475.533134,1024,4584.904216
2.850277,9,4584.923771
8.195781,9,4584.943135
1351.871084,1024,4589.421671
1495.841316,1024,4594.183026
1426.554171,1024,4599.909686
1454.331976,1024,4604.46116
1479.736256,1024,4609.326462
1338.170395,1024,4615.041942
1412.583008,1024,4619.590779
1303.829708,1024,4625.111363
1416.183358,1024,4630.341542
1373.35318,1024,4635.129372
1314.990752,1024,4641.076651
10.864954,9,4641.097153
1352.823882,1024,4645.779326
1416.657088,1024,4650.445471
7.458409,9,4650.4695
1431.530946,1024,4656.41407
7.39326,9,4656.436127
10.846824,9,4656.456535
1497.843748,1024,4661.115904
8.546516,9,4661.140668
1401.160071,1024,4665.926626
1346.451507,1024,4671.5063
1429.902549,1024,4675.991854
1413.176341,1024,4681.190666
6.99204,9,4681.218233
678.371129,498,4682.854526
9.67609,12,4682.901599
735.541886,551,4686.379109
1424.989664,1024,4690.980148
3.217246,9,4691.000153
1431.808406,1024,4696.506725
1039.999641,771,4700.627784
1295.341191,1024,4705.229632
9.557586,13,4705.258745
1468.669658,1024,4710.988687
1426.659553,1024,4715.42892
10.386829,9,4715.447952
6.279626,9,4715.465937
10.864954,9,4715.485957
152.727599,113,4715.739816
1450.51236,1024,4720.202173
1362.845826,1024,4725.848275
1484.329246,1024,4730.4609
1423.14134,1024,4735.226659
1418.74571,1024,4740.946401
10.162178,9,4740.968748
1359.882717,1024,4745.705784
1428.669015,1024,4751.065652
1433.187445,1024,4756.405118
1457.898047,1024,4761.187763
1409.925384,1024,4767.30219
1485.642703,1024,4771.985244
1357.882911,1024,4776.754868
1386.22577,1024,4782.568772
547.620253,400,4783.503772
1486.098739,1024,4788.146217
338.932434,249,4788.773281
1440.171318,1024,4794.328303
1445.609439,1024,4798.86518
8.272841,11,4798.893384
1384.109142,1024,4803.324285
8.592756,8,4803.346599
1421.516948,1024,4809.10721
6.375833,8,4809.12549
95.692958,104,4809.345236
10.018484,9,4811.524771
6.525461,9,4811.544055
1443.357234,1024,4816.05737
1373.144427,1024,4821.322466
1409.597183,1024,4826.371395
8.546516,9,4826.391011
6.493028,8,4826.40891
7.932151,10,4826.431995
6.380225,9,4826.451179
8.152014,10,4826.472431
1423.809097,1024,4831.078081
1422.433408,1024,4836.618171
1416.390403,1024,4841.255101
7.693486,9,4841.275789
1403.053755,1024,4845.856711
7.152405,9,4845.876785
1441.956837,1024,4851.617458
1418.355071,1024,4856.087198
1370.833661,1024,4860.569857
8.069536,10,4860.593525
1473.964402,1024,4866.413821
1451.842172,1024,4870.981403
2.382934,9,4871.016368
1408.88796,1024,4875.950506
8.587613,8,4875.97515
1452.278621,1024,4881.549492
4.59628,9,4881.571857
6.990997,18,4881.627994
1372.207518,1024,4886.456369
1415.505871,1024,4891.727114
1395.726101,1024,4896.781809
2.833231,9,4896.800664
1372.18779,1024,4901.305864
7.39326,9,4901.324914
1477.470069,1024,4907.124903
1407.994493,1024,4911.885212
1426.858546,1024,4916.418294
5.958344,8,4916.434718
335.535229,271,4917.030101
1414.245769,1024,4922.711536
7.349845,9,4922.730536
8.179047,9,4922.751567
11.214886,14,4922.786811
248.445597,211,4923.305465
1342.164901,1024,4927.83401
1378.615582,1024,4932.998528
372.877122,285,4933.950248
1421.594799,1024,4938.753592
1392.599114,1024,4943.348973
9.060382,9,4943.368782
1127.842027,1024,4949.198077
8.952898,9,4949.217831
3.587328,8,4949.243389
7.918435,14,4949.281413
1442.687313,1024,4953.832916
7.29727,13,4953.864581
1376.322559,1024,4958.391288
4.659044,9,4958.414363
9.19802,8,4958.433171
1320.689072,1024,4964.210393
5.152931,9,4966.423462
9.310837,9,4966.443339
1458.37608,1024,4970.990071
7.410344,9,4971.012094
11.092042,16,4971.049169
3.595999,9,4971.068865
1433.286151,1024,4976.836311
1433.055472,1024,4981.358502
55.162532,58,4981.486297
1467.054913,1024,4985.982936
1379.674193,1024,4991.760997
1394.123203,1024,4996.264877
7.510823,9,4996.28633
1400.938302,1024,5000.936922
1383.918212,1024,5006.713578
628.860218,467,5007.780672
1369.454974,1024,5012.333908
1463.04228,1024,5017.551589
8.272841,13,5017.591862
11.708971,14,5017.636081
1374.82347,1024,5022.607883
1717.466366,1216,5133.819301
1452.334886,1024,5139.686103
47.031861,53,5139.8093
1296.525262,1024,5144.403583
10.864954,9,5144.424229
1356.376128,1024,5149.631004
6.18184,9,5149.661432
1342.746866,1024,5154.830243
1384.04251,1024,5159.352425
6.899298,8,5159.3697
10.864954,9,5159.392405
4.850877,9,5159.412546
5.594419,8,5159.429029
1445.619207,1024,5164.933141
1445.31191,1024,5169.844618
1365.54549,1024,5174.678805
2.976803,9,5174.699511
1424.359026,1024,5180.646216
1350.127695,1024,5185.257544
1411.127264,1024,5189.794959
6.375833,8,5189.828114
1362.170603,1024,5195.596218
1346.500355,1024,5200.204384
1334.186498,1024,5205.404434
1387.879785,1024,5210.727628
1388.188894,1024,5215.472785
1349.215601,1024,5221.039982
8.115978,9,5221.067483
280.106831,243,5224.072905
1337.816523,1024,5228.669016
1416.004537,1024,5233.963144
173.748995,141,5234.457836
8.592756,8,5234.487877
8.627538,10,5234.520366
1441.151659,1024,5239.602645
10.805537,9,5239.62343
1462.88877,1024,5244.366501
1401.751723,1024,5250.157054
1383.187782,1024,5254.866212
1456.884963,1024,5259.480896
1294.41702,1024,5265.302799
1398.807714,1024,5269.858317
1290.967217,1024,5274.887766
1402.636816,1024,5280.382716
11.25884,13,5280.414384
1362.145358,1024,5285.022784
10.317997,16,5285.064944
1425.531835,1024,5290.476563
10.96423,13,5290.519569
1278.163221,1024,5295.654398
10.958643,13,5295.687149
7.97317,11,5295.712317
1421.663316,1024,5300.331531
1356.65407,1024,5306.293821
1381.599541,1024,5310.852852
1314.482274,1024,5315.363621
1345.073017,1024,5321.096879
1390.518076,1024,5325.502118
617.876134,496,5326.634597
1317.316526,1024,5331.913904
1305.684553,1024,5337.301369
1370.132117,1024,5341.900352
1434.071967,1024,5347.793575
1394.91462,1024,5352.701644
1349.959119,1024,5357.373641
1436.11898,1024,5363.450377
1342.094343,1024,5368.286004
3.969589,9,5368.310665
782.543039,648,5372.38401
143.927354,122,5372.81856
1386.187373,1024,5378.59346
6.887241,9,5378.617825
1384.787312,1024,5383.349963
1343.176934,1024,5388.801118
1391.146274,1024,5394.08782
1400.690397,1024,5398.687056
386.820183,298,5399.431736
1369.34443,1024,5405.644667
1422.433228,1024,5410.353308
1443.228504,1024,5415.458602
1442.135808,1024,5421.069163
1427.264842,1024,5425.856805
1392.639007,1024,5431.523569
1365.485574,1024,5436.603559
7.515083,14,5436.63792
10.818737,9,5436.66496
1432.323135,1024,5441.501859
1380.458227,1024,5447.371953
6.393553,9,5447.396704
1380.859705,1024,5452.22472
1358.232641,1024,5457.292754
1399.746653,1024,5462.949726
1398.023311,1024,5467.587193
10.691083,13,5467.618825
346.097556,276,5470.526377
1412.420832,1024,5476.58404
1414.498765,1024,5481.370391
1414.230904,1024,5486.804566
6.737653,10,5486.835339
1392.658402,1024,5491.956686
1419.093975,1024,5496.742505
1457.177682,1024,5502.642493
1410.988093,1024,5507.298739
1411.805817,1024,5511.896789
1417.311472,1024,5517.742253
1438.104014,1024,5522.419173
1418.064708,1024,5527.334701
1503.994516,1024,5533.050694
10.297919,12,5533.079833
733.401204,557,5534.506931
7.421248,9,5534.527618
1377.367739,1024,5539.260254
1338.496439,1024,5545.445296
1408.701391,1024,5550.224304
1363.639931,1024,5555.138176
1408.395747,1024,5561.029528
1404.893458,1024,5565.814176
1364.025474,1024,5571.540694
1398.053137,1024,5576.788409
1449.858862,1024,5581.498795
1385.979305,1024,5587.572662
1384.846494,1024,5592.723983
1315.044099,1024,5597.783282
1386.317218,1024,5604.057194
1375.251247,1024,5609.069572
1377.844797,1024,5615.300031
1411.897285,1024,5620.2613
1453.885828,1024,5624.985647
1475.332306,1024,5630.960158
1416.817991,1024,5635.965438
5.435321,8,5635.983154
1407.428016,1024,5641.432047
1384.283509,1024,5646.91054
1522.259503,1024,5651.981447
1410.71776,1024,5658.108757
1314.578255,1024,5662.948628
1423.161987,1024,5667.927771
703.459886,1024,5673.783608
1385.34028,1024,5678.416776
661.311584,506,5681.921451
1386.122104,1024,5687.71066
1426.847578,1024,5692.526606
1421.128829,1024,5698.195915
1395.393246,1024,5703.369636
1403.200048,1024,5708.080439
3.659096,9,5708.102557
5.404717,9,5708.123428
1309.878733,1024,5714.145051
1337.56111,1024,5718.960358
10.657616,9,5718.995722
1384.876796,1024,5724.043445
1343.532819,1024,5729.991929
1396.060192,1024,5734.87202
1348.610477,1024,5740.409559
1363.996339,1024,5745.617289
6.874404,16,5745.664469
1357.149557,1024,5750.484071
1359.476616,1024,5756.486491
1425.39154,1024,5761.104518
1414.275707,1024,5765.779073
1369.66427,1024,5771.710712
1392.230815,1024,5776.315856
1394.737856,1024,5781.482635
1328.961977,1024,5786.850113
1406.171356,1024,5791.513934
1449.765559,1024,5797.446208
20.99771,27,5797.549457
1346.022443,1024,5802.273245
1395.841315,1024,5806.802416
1330.083088,1024,5812.616602
1372.0306,1024,5817.241669
793.083319,583,5818.593629
1482.90033,1024,5823.893143
28.527073,48,5824.047394
1398.380396,1024,5829.265329
1351.615946,1024,5834.007002
19.73409,27,5836.436857
1416.746769,1024,5842.046394
1482.414692,1024,5846.742112
618.470419,450,5847.866064
1453.483897,1024,5853.813797
7.162554,11,5853.854036
1423.275701,1024,5858.591066
1382.651775,1024,5863.22837
1337.672242,1024,5869.252402
3.133799,9,5869.276649
473.224926,358,5870.110099
6.750587,11,5870.13473
3.502471,9,5870.156528
521.156727,393,5873.305097
8.922488,13,5873.333226
1318.060392,1024,5877.983466
1351.731342,1024,5883.749439
10.864954,9,5883.76978
48.338996,54,5883.906539
1316.20041,1024,5888.50794
1395.743748,1024,5893.606636
1381.300243,1024,5898.922209
3.515749,9,5898.942459
8.806795,14,5898.974315
1381.877191,1024,5903.482378
1359.215058,1024,5909.185884
19.549595,29,5909.287304
1305.289057,1024,5914.215979
117.100396,114,5914.479562
1426.398573,1024,5919.096801
1374.489492,1024,5924.994668
8.176532,12,5925.022621
1322.939643,1024,5930.11989
1437.471045,1024,5936.041471
10.813865,9,5936.072761
1386.562108,1024,5941.526584
1362.056263,1024,5946.273652
600.416967,476,5947.484311
1403.198421,1024,5953.496067
10.818126,9,5953.520311
1402.550497,1024,5958.392029
1339.756097,1024,5964.091124
10.155304,12,5964.135084
1421.835785,1024,5969.596825
1314.904014,1024,5974.277876
1419.098987,1024,5980.220583
1363.705132,1024,5985.029113
6.944028,10,5985.057525
1022.334409,1024,5989.847693
1404.844057,1024,5995.805824
964.86244,737,5999.86682
10.82644,9,5999.887236
1368.451921,1024,6004.664934
676.874395,519,6009.229931
557.120964,415,6010.239147
1276.41845,1024,6014.999323
1439.763509,1024,6020.338926
1318.254111,1024,6025.670828
1421.383001,1024,6030.69865
1362.217321,1024,6036.683137
1426.799549,1024,6041.479574
8.660432,9,6041.501972
1336.971826,1024,6046.198942
10.509481,9,6046.219843
1366.987517,1024,6052.090572
10.818126,9,6052.111879
1368.47417,1024,6056.913563
7.336239,12,6056.943114
1386.997091,1024,6062.471172
1394.048165,1024,6067.811486
7.738162,12,6067.843029
1403.132211,1024,6072.675996
10.814625,9,6072.6983
838.13081,616,6077.22953
22.845188,29,6077.319794
38.725572,42,6077.46814
7.665367,9,6077.503514
2.310483,9,6077.537784
1361.230323,1024,6082.735675
684.867645,518,6083.987229
1229.971548,1024,6088.783804
10.864954,9,6088.813724
1328.597906,1024,6094.560878
1403.994963,1024,6099.374129
1384.700401,1024,6104.835632
1379.016554,1024,6109.894312
654.108257,528,6113.346804
1409.608127,1024,6118.727575
6.183947,10,6118.764147
1357.837002,1024,6123.965527
3.324547,9,6123.985571
1411.780022,1024,6128.744715
1403.276456,1024,6134.743686
1365.303067,1024,6139.402622
382.096173,320,6140.171789
1351.78615,1024,6145.231677
1367.002931,1024,6150.89382
1247.668533,1024,6155.677555
1363.491976,1024,6161.235021
1356.82604,1024,6166.399901
1392.309575,1024,6171.079179
3.948047,9,6171.101432
1419.200089,1024,6176.972153
1374.942416,1024,6181.673129
1351.640134,1024,6186.388803
1348.426267,1024,6192.338115
1373.724579,1024,6197.018361
1414.077486,1024,6202.479026
1405.691707,1024,6207.730143
1398.955807,1024,6212.546035
1327.199997,1024,6218.485221
1367.673754,1024,6223.173378
1434.039405,1024,6227.914201
1306.62587,1024,6234.058245
1426.8792,1024,6238.694381
1459.552947,1024,6243.742993
1318.855952,1024,6249.564404
1463.267286,1024,6254.655813
1406.195843,1024,6261.047409
1399.45079,1024,6265.936001
10.821763,9,6265.957254
1402.454094,1024,6270.715505
1454.633295,1024,6276.639437
1452.383432,1024,6281.430634
1471.304435,1024,6286.624654
759.168685,547,6290.921725
1409.371005,1024,6295.765374
1406.705903,1024,6301.073448
1463.51938,1024,6306.433814
1381.565296,1024,6311.15608
1424.460137,1024,6317.093224
1441.841552,1024,6321.810758
1336.175591,1024,6326.477237
3.960253,10,6326.49986
1336.420603,1024,6332.377334
1360.497114,1024,6337.075588
1471.154212,1024,6342.016365
1414.531223,1024,6347.58677
1310.679369,1024,6352.383145
1436.191748,1024,6357.920832
1410.797274,1024,6363.23998
1387.589977,1024,6368.013702
1382.207874,1024,6374.02387
1365.519636,1024,6378.716584
1437.577294,1024,6383.823396
1424.034076,1024,6389.561996
1408.769658,1024,6394.43881
1427.032318,1024,6400.152502
1330.31054,1024,6405.215159
1388.290657,1024,6410.159021
1459.273569,1024,6416.076616
639.349953,486,6417.267289
277.011747,225,6417.841446
1421.060701,1024,6422.716959
1386.806123,1024,6428.529557
1429.906497,1024,6433.543112
1374.919288,1024,6438.240691
11.49517,18,6441.118664
1441.483149,1024,6446.636052
1413.896834,1024,6451.365744
1390.943953,1024,6457.291811
1280.037447,1024,6462.050568
1400.633227,1024,6466.839642
1462.642904,1024,6472.805614
1293.265646,1024,6477.610615
1347.365749,1024,6482.755193
1423.789186,1024,6488.435108
1328.475738,1024,6493.496857
17.531173,30,6493.579797
1410.283245,1024,6499.418278
1399.480582,1024,6504.335823
1071.459844,851,6506.491001
1376.706616,1024,6511.872559
1460.519376,1024,6517.009097
6.194702,9,6517.03864
1344.270441,1024,6521.558558
1422.483675,1024,6527.231692
1404.563249,1024,6532.195892
1373.386971,1024,6537.028753
1425.618483,1024,6542.999347
1410.487727,1024,6547.757174
1355.329075,1024,6552.951336
1377.395787,1024,6558.55478
1349.678893,1024,6563.371569
7.666167,9,6563.395093
1370.782019,1024,6569.364681
1287.941726,1024,6574.499335
220.757332,200,6577.294948
1452.662522,1024,6582.959128
7.489765,9,6582.992406
7.458409,9,6583.021961
1270.414117,1024,6587.948079
143.187627,111,6588.211217
1341.572587,1024,6592.936016
10.864954,9,6592.959469
1392.326516,1024,6598.794676
1388.07698,1024,6603.530012
1375.96051,1024,6608.339737
1413.660755,1024,6614.089843
6.539245,10,6614.116218
1318.554467,1024,6618.836171
1326.458395,1024,6624.27562
1401.705265,1024,6629.488287
1355.790269,1024,6634.322615
1385.733626,1024,6640.055514
1430.081994,1024,6644.583226
1384.045473,1024,6649.235364
1390.004537,1024,6654.999996
1360.250992,1024,6659.609691
1337.078536,1024,6664.480011
1364.392668,1024,6670.164311
6.409104,9,6670.184692
1360.73175,1024,6674.862507
1.075018,10,6674.888813
1390.679772,1024,6679.994997
1345.125243,1024,6685.220506
5.356723,11,6685.245201
1348.572008,1024,6689.907656
1371.149156,1024,6695.486504
1374.935172,1024,6700.217417
6.238711,9,6700.237019
1361.809751,1024,6704.787954
1432.451398,1024,6710.492531
1439.935435,1024,6714.933957
1381.777626,1024,6719.393936
1419.404774,1024,6725.18863
1394.986105,1024,6729.783234
1408.212779,1024,6734.6416
1431.109211,1024,6740.191922
1363.295782,1024,6744.726222
5.86885,9,6744.75003
1415.952535,1024,6749.910817
1435.855079,1024,6755.313601
1003.281149,748,6759.296892
1426.430152,1024,6764.488525
1350.218377,1024,6769.558796
1461.448855,1024,6774.140571
6.475099,9,6774.163613
1384.781348,1024,6779.678898
1490.603947,1024,6784.493245
1424.486555,1024,6789.090934
1468.013483,1024,6794.955442
1380.865089,1024,6799.601612
1438.745111,1024,6804.34439
213.877754,159,6804.899524
1426.173253,1024,6810.533418
1391.186377,1024,6815.352868
1383.045146,1024,6820.618137
1419.734812,1024,6825.801842
1401.972011,1024,6830.292689
1419.990801,1024,6836.03772
3.206396,9,6836.069686
1395.364895,1024,6840.774118
1338.131366,1024,6845.417016
1403.666174,1024,6851.287563
1516.203902,1024,6856.057812
1398.988675,1024,6861.026494
1348.377762,1024,6866.806387
4.941957,9,6866.827004
1357.971079,1024,6871.535854
10.045513,13,6871.565504
1442.784221,1024,6877.112531
1329.426238,1024,6882.147275
1362.463256,1024,6886.986687
1340.299919,1024,6893.03767
1428.966741,1024,6897.861457
1343.743976,1024,6902.793124
1392.61735,1024,6908.643916
1422.244444,1024,6913.328619
1433.432801,1024,6918.699317
1471.349893,1024,6923.931846
1282.193864,1024,6928.561092
1400.929,1024,6934.350494
1501.296023,1024,6938.993051
1430.179893,1024,6943.546858
1414.070489,1024,6949.29885
1448.687749,1024,6954.122159
757.270406,619,6955.517385
1459.379575,1024,6960.826251
1405.299993,1024,6966.012045
1422.98176,1024,6970.586667
1453.839981,1024,6976.458298
7.601859,11,6976.503724
1450.696856,1024,6981.210825
1381.695974,1024,6985.8313
1393.857723,1024,6991.577777
2.348932,9,6991.595837
1396.716448,1024,6996.295609
1480.068872,1024,7001.196097
1480.728459,1024,7006.739137
1455.123194,1024,7011.297371
1432.968154,1024,7016.344431
1487.447968,1024,7021.588375
7.328031,10,7021.612749
1418.370536,1024,7026.359357
1464.512049,1024,7032.059733
1472.87655,1024,7036.768959
1469.009428,1024,7041.388935
1482.178252,1024,7047.084922
1444.019715,1024,7051.738222
1373.831788,1024,7056.376598
1406.013193,1024,7062.129568
1454.770781,1024,7066.720884
1386.588469,1024,7071.566343
1398.561545,1024,7076.86467
10.691083,13,7076.896193
1428.841332,1024,7081.440919
1469.968549,1024,7086.717684
1350.235893,1024,7091.852877
1468.970452,1024,7096.365854
1396.170793,1024,7102.085217
1495.836995,1024,7106.787012
1427.118319,1024,7111.501609
1462.911092,1024,7117.623777
1454.910843,1024,7122.391833
6.305251,9,7122.416032
1378.360143,1024,7127.315523
1455.186964,1024,7132.689344
1388.208278,1024,7137.23825
4.602203,9,7137.25936
463.69945,331,7140.267667
1409.968749,1024,7146.067901
6.647687,11,7146.095489
1422.748827,1024,7150.84316
1439.335061,1024,7155.891694
1494.568458,1024,7161.32346
1470.066261,1024,7166.001276
1455.279611,1024,7171.436216
1410.343166,1024,7176.454459
7.464975,10,7176.485504
1448.790818,1024,7181.100174
1409.835675,1024,7186.885638
1442.266845,1024,7191.46431
1456.509407,1024,7196.032809
1437.007002,1024,7201.74912
1399.300329,1024,7206.439584
3.285431,9,7206.461017
1341.461018,1024,7211.413478
1469.317254,1024,7217.080484
605.920654,467,7218.283597
1502.433185,1024,7222.953621
1398.266944,1024,7228.802199
1388.432907,1024,7233.397011
1373.810685,1024,7237.96157
3.986007,9,7237.984773
1424.837241,1024,7243.823659
1434.105299,1024,7248.458051
6.913771,10,7248.482597
1341.190501,1024,7253.459039
1342.607489,1024,7258.928589
1437.998211,1024,7263.582757
1439.970061,1024,7268.938155
1404.026829,1024,7274.094754
1433.694777,1024,7278.965627
1444.625984,1024,7284.987083
1429.05184,1024,7289.548747
1467.439395,1024,7294.216516
1447.977654,1024,7300.007191
1446.379163,1024,7304.593978
1405.307835,1024,7309.68186
1458.110153,1024,7315.169522
8.550129,9,7315.190751
1437.817734,1024,7319.736571
1502.670382,1024,7325.171546
1474.782257,1024,7330.269645
1354.544867,1024,7335.169663
1395.459754,1024,7341.421553
106.75477,93,7341.655374
1440.79177,1024,7346.541981
19.352134,31,7346.622759
3.587328,8,7346.641085
1407.522561,1024,7351.911428
1358.593893,1024,7357.516313
1356.237328,1024,7362.403427
1425.107753,1024,7368.549
1450.15635,1024,7373.334815
1368.739262,1024,7378.10654
1447.62998,1024,7384.195098
1446.583315,1024,7389.015147
1353.526556,1024,7394.560415
6.101057,9,7394.592682
8.178238,9,7394.62058
1401.259777,1024,7399.93867
8.031707,9,7399.964238
1421.783082,1024,7404.721416
1337.025089,1024,7410.468121
8.290311,10,7410.509072
1389.24796,1024,7415.463431
1384.218634,1024,7420.058062
1393.815156,1024,7425.950823
1249.46558,888,7430.290492
1394.309839,1024,7435.09428
1373.540453,1024,7440.915986
1424.109917,1024,7445.656316
261.676437,222,7446.186214
7.935788,9,7446.217766
10.864954,9,7446.24033
1397.86009,1024,7452.117971
1413.280179,1024,7456.997101
1389.393641,1024,7461.771811
1366.147862,1024,7467.695349
1367.50375,1024,7472.496858
1316.545862,1024,7477.849852
1380.009854,1024,7483.446032
1407.680684,1024,7488.097394
1394.164571,1024,7493.585507
1407.861397,1024,7498.671883
1452.136886,1024,7503.473731
1396.697249,1024,7509.425501
1420.629293,1024,7514.236349
1424.532275,1024,7518.879954
9.539244,12,7518.913416
1382.872891,1024,7524.788245
429.152711,343,7527.82673
1352.010486,1024,7532.567801
1393.707312,1024,7538.624473
1391.584105,1024,7543.411115
5.943982,11,7543.437785
1429.526875,1024,7548.77258
6.480124,9,7548.813537
1372.158315,1024,7554.338159
1415.330438,1024,7558.864791
1449.053157,1024,7564.299242
1369.275848,1024,7572.008532
1369.491974,1024,7577.231776
1370.893665,1024,7584.781249
1432.038623,1024,7589.574176
10.864954,9,7589.610552
1373.667545,1024,7595.430431
1447.430044,1024,7599.940162
1449.648806,1024,7605.077657
1400.909601,1024,7610.388147
7.084545,11,7610.415496
3.943019,9,7610.436646
1416.782087,1024,7615.168052
1364.981628,1024,7620.625777
1365.964777,1024,7625.775172
1415.701953,1024,7630.40762
1411.108741,1024,7636.215342
1500.639142,1024,7640.825569
6.4991,10,7640.853339
1424.067101,1024,7645.373661
1473.347577,1024,7651.168963
1374.092314,1024,7655.85171
700.801347,532,7766.811175
1398.613064,1024,7772.332101
1446.26694,1024,7777.110104
1457.660988,1024,7783.056055
1400.536704,1024,7787.702067
1418.133414,1024,7792.315509
1384.167668,1024,7798.057392
1418.861805,1024,7802.701287
1441.025721,1024,7807.411318
1431.792458,1024,7813.270298
1402.107774,1024,7817.984176
1440.181688,1024,7823.378284
1413.226016,1024,7828.509993
1449.662958,1024,7833.19983
1357.736221,1024,7838.988091
1457.095036,1024,7843.712018
1446.56036,1024,7848.432554
1445.446137,1024,7854.396977
1400.960705,1024,7858.983804
1449.239355,1024,7863.991592
1400.123669,1024,7869.656051
1453.403417,1024,7874.411483
1440.094585,1024,7879.958794
1435.249508,1024,7885.088361
1453.315025,1024,7889.546448
8.86157,9,7889.569141
1403.897883,1024,7895.398965
1381.892999,1024,7899.959176
1332.358104,958,7904.428874
1477.400192,1024,7910.347274
1429.525791,1024,7914.970055
7.97381,12,7915.001668
18.263879,29,7915.067339
1393.76025,1024,7919.781003
1368.418057,1024,7925.503582
1354.334711,1024,7930.348787
1408.802567,1024,7935.664872
1410.636142,1024,7940.874278
1422.677449,1024,7945.527768
10.864954,9,7945.550009
8.182502,12,7945.582092
3.686381,9,7945.605479
1481.294596,1024,7951.342395
1441.006423,1024,7956.132918
1387.497856,1024,7960.688603
1468.119972,1024,7966.515325
10.864954,9,7966.53771
1476.896971,1024,7971.206247
1380.712647,1024,7975.999628
1362.773821,1024,7981.831715
1308.06173,1024,7986.697438
1426.758928,1024,7992.042428
1397.842707,1024,7997.151575
1453.093755,1024,8001.846718
1453.325748,1024,8007.828512
1464.831367,1024,8012.487006
1417.840246,1024,8017.144742
1454.221776,1024,8022.979651
1473.073015,1024,8027.59186
690.478887,493,8031.110336
1306.725279,964,8036.788867
1407.696182,1024,8041.278834
721.160964,549,8042.594409
1417.25655,1024,8047.877286
1378.368049,1024,8053.016682
7.140345,12,8053.046179
1360.488306,1024,8057.564235
6.719782,9,8057.583316
1387.91092,1024,8063.305332
32.499372,42,8063.459512
1358.495851,1024,8068.136558
1365.745614,1024,8072.849422
1412.357389,1024,8078.70154
1389.425621,1024,8083.277545
1473.642455,1024,8087.827034
1440.668112,1024,8093.657106
1416.279633,1024,8098.314471
10.81908,9,8098.333585
1438.765317,1024,8103.558871
1431.477541,1024,8108.904597
1468.984371,1024,8113.683579
1411.63397,1024,8119.619793
1401.57065,1024,8124.36264
1444.474904,1024,8129.005942
1416.878825,1024,8134.933594
1471.690374,1024,8139.610519
1408.805832,1024,8144.427527
2.743233,9,8144.457538
1418.690927,1024,8150.093863
1446.141644,1024,8154.736048
6.087389,10,8154.760791
1401.941515,1024,8159.972945
1006.059621,728,8164.411078
1436.195155,1024,8168.999373
1438.656973,1024,8174.468812
1431.399558,1024,8179.576666
1392.722111,1024,8184.188751
1404.844777,1024,8189.91392
1485.213599,1024,8194.536743
1411.886924,1024,8199.14431
1462.83034,1024,8204.941686
1465.663149,1024,8209.538502
1435.961012,1024,8214.260253
1481.012315,1024,8219.726665
4.190452,10,8219.749817
1454.738677,1024,8224.410083
1425.181512,1024,8229.562049
1477.148641,1024,8234.933294
1433.822211,1024,8239.523663
1123.197773,789,8244.296429
1432.874116,1024,8249.259468
1516.963814,1024,8253.799021
1459.801188,1024,8259.459712
1435.888524,1024,8264.033664
1460.587463,1024,8268.691114
1427.872172,1024,8274.556801
1471.892316,1024,8278.993616
1476.159676,1024,8283.598148
1431.46428,1024,8289.33618
1498.793569,1024,8293.919679
1443.09161,1024,8298.711927
1422.765699,1024,8304.335467
1468.685856,1024,8308.954515
1436.227934,1024,8314.227324
19.621273,29,8314.337973
1439.571747,1024,8319.418005
1408.794579,1024,8323.878048
1442.336195,1024,8329.463702
1481.654617,1024,8334.654722
1431.053413,1024,8339.542873
1435.687036,1024,8345.410028
1376.15781,1024,8349.968516
1451.152471,1024,8355.00962
1418.254855,1024,8360.572819
1450.198912,1024,8365.202011
1001.315849,733,8369.836681
1431.221683,1024,8375.411324
1419.731976,1024,8380.224453
1432.998856,1024,8386.217392
8.482983,10,8386.239825
1448.804423,1024,8391.014663
9.524368,12,8391.045315
1451.971939,1024,8395.686174
1420.256963,1024,8401.524923
1393.995097,1024,8406.25376
4.405463,9,8406.274398
1431.568456,1024,8411.687028
1470.50897,1024,8417.199397
1431.232043,1024,8421.97706
1446.448227,1024,8427.749817
8.609799,9,8427.781228
1374.969908,1024,8432.613495
1391.626954,1024,8437.680365
1458.387611,1024,8443.544893
1433.931856,1024,8448.367597
1430.368476,1024,8453.267116
1449.60748,1024,8458.808636
1423.130506,1024,8463.469886
1372.231512,1024,8469.238177
1410.242432,1024,8474.423743
1331.359252,1024,8479.192619
1462.874398,1024,8485.079435
1415.951952,1024,8489.606249
8.425861,9,8489.626565
1417.170978,1024,8494.309288
1395.31724,1024,8500.057695
1424.972468,1024,8504.580059
1404.473181,1024,8509.522548
1429.4546,1024,8514.876041
1485.448312,1024,8519.308583
1460.134603,1024,8524.467796
1439.488125,1024,8529.623806
4.389308,9,8529.647645
1401.516203,1024,8534.278739
1471.104413,1024,8539.832872
1431.097889,1024,8544.534392
1503.391252,1024,8549.031885
1384.635159,1024,8554.717695
1497.954732,1024,8559.29736
7.97381,12,8559.323631
1433.173321,1024,8563.944781
1452.22128,1024,8569.749929
1456.323322,1024,8574.357631
1469.673853,1024,8579.053643
1422.241484,1024,8584.634866
1494.656984,1024,8589.319059
1434.714824,1024,8594.735233
1408.19172,1024,8599.911516
1459.726788,1024,8604.658154
1529.763987,1024,8610.547168
876.625656,1024,8615.236972
1422.441308,1024,8619.895136
10.81908,9,8619.915562
1405.796787,1024,8625.688492
1512.582292,1024,8630.308126
1427.490646,1024,8635.642325
6.755857,10,8635.677649
7.902059,11,8635.713393
1479.862114,1024,8641.079565
1453.505348,1024,8645.772421
1483.72101,1024,8651.440502
1418.698166,1024,8656.539699
1443.164246,1024,8661.339251
1391.01208,1024,8667.370966
1488.334724,1024,8672.09836
1447.338873,1024,8677.042721
1417.738867,1024,8682.8548
9.375181,14,8682.890569
1390.984929,1024,8687.572502
1474.12601,1024,8693.124313
1478.65391,1024,8698.274249
1445.139173,1024,8702.937243
1489.887117,1024,8708.826835
1507.586224,1024,8713.63302
1506.996965,1024,8718.492706
1475.57013,1024,8724.535064
1510.583386,1024,8729.272741
1495.423744,1024,8734.751497
1467.623935,1024,8739.949519
10.858517,16,8739.9865
1456.191054,1024,8744.780297
1535.780029,1024,8750.937706
1462.802638,1024,8755.779224
1469.862555,1024,8760.479805
1471.496591,1024,8766.537415
1522.918032,1024,8771.219609
1418.402249,1024,8776.464224
1512.350511,1024,8781.965006
1429.200353,1024,8786.718938
1437.303792,1024,8792.357139
1453.659474,1024,8797.482084
1529.049172,1024,8802.178756
1432.923292,1024,8808.013862
1516.101607,1024,8812.840451
3.815229,9,8812.865809
1495.027573,1024,8817.937149
1480.42294,1024,8823.708784
1488.713066,1024,8828.486711
1479.616258,1024,8834.174618
1528.485496,1024,8839.200895
1433.690944,1024,8843.917335
1439.930949,1024,8849.935682
1517.342588,1024,8854.803312
1471.07526,1024,8859.836657
1521.599799,1024,8865.537629
1452.751695,1024,8870.2368
1498.598912,1024,8875.698246
1489.960882,1024,8880.924338
7.97381,12,8880.953891
1412.868468,1024,8885.665523
1452.75157,1024,8891.794152
1494.991853,1024,8896.479727
1498.68536,1024,8901.203561
1462.893875,1024,8907.078601
1407.836351,1024,8911.666579
1453.301095,1024,8916.678551
1494.423988,1024,8922.357981
1438.516055,1024,8927.078598
1399.818476,1024,8932.792534
1469.390623,1024,8937.824501
1460.677819,1024,8942.544784
12.910187,17,8942.589479
1489.223813,1024,8948.629964
1502.392753,1024,8953.344524
1443.710691,1024,8958.104859
1496.806794,1024,8964.086758
1423.335698,1024,8968.798753
1377.363407,1024,8974.282613
1492.133573,1024,8979.568447
1515.588257,1024,8984.16502
1445.451983,1024,8989.898407
1496.574868,1024,8994.613504
1473.532345,1024,8999.196648
1564.838917,1024,9004.98653
1459.247776,1024,9009.653536
1442.448474,1024,9014.575311
1499.552404,1024,9020.284488
1421.356305,1024,9024.883119
23.10273,34,9024.9601
1513.665459,1024,9030.345279
1562.735012,1024,9035.477081
1474.868822,1024,9040.181455
1503.748292,1024,9045.932089
3.667447,9,9045.964613
1480.074684,1024,9050.621642
1528.870144,1024,9055.236528
1525.87312,1024,9061.170641
1474.756672,1024,9065.917241
1540.878948,1024,9071.047822
1514.952549,1024,9076.736361
1484.638637,1024,9081.481441
1500.167238,1024,9087.020826
1442.826853,1024,9092.069167
1469.021635,1024,9096.945856
1456.989941,1024,9102.687862
1443.473823,1024,9107.415373
1483.69384,1024,9112.304451
1410.071003,1024,9118.066243
1517.453915,1024,9122.735484
1510.780794,1024,9128.260062
1477.585546,1024,9133.647002
1573.088256,1024,9138.306733
1566.300182,1024,9144.331979
1480.169747,1024,9149.060001
1430.020919,1024,9153.787128
1522.420015,1024,9159.802332
1507.138025,1024,9164.498582
1499.146624,1024,9169.460314
1497.949411,1024,9174.990872
1506.989453,1024,9179.63414
1529.417421,1024,9185.081916
1549.610763,1024,9190.208553
1516.318141,1024,9194.905107
1458.903123,1024,9200.662134
1450.976074,1024,9205.282417
1559.359161,1024,9209.960126
1122.559787,1024,9215.652286
1591.192627,1024,9220.248019
1474.817599,1024,9225.121964
1436.119658,1024,9230.768305
1546.010428,1024,9235.525329
1536.403739,1024,9240.798322
1550.029832,1024,9245.9673
1524.059349,1024,9250.604948
1475.268918,1024,9256.458162
1511.915551,1024,9261.177222
1532.627951,1024,9265.678543
1528.739019,1024,9271.452664
1525.046817,1024,9275.966481
3.415963,9,9275.987128
1573.817365,1024,9280.596876
1514.380733,1024,9286.284417
1533.866549,1024,9290.832533
1535.906801,1024,9295.746933
1565.146238,1024,9301.180963
1517.743276,1024,9305.815954
1546.78401,1024,9311.303596
1536.379089,1024,9316.381937
1541.605372,1024,9321.089925
1557.047058,1024,9326.943994
1442.504879,1024,9331.538276
1566.794024,1024,9336.292322
1499.642729,1024,9342.145797
6.134257,10,9342.169478
1573.711433,1024,9346.790078
1531.701989,1024,9351.74729
1528.819705,1024,9357.195753
1557.349583,1024,9361.696837
1541.408259,1024,9366.945953
1608.807684,1024,9372.1402
1465.855878,1024,9376.691622
1595.506304,1024,9382.380528
1568.849735,1024,9387.021896
1599.599446,1024,9391.698401
1586.09256,1024,9397.473747
1551.976375,1024,9402.140973
1612.215657,1024,9406.748437
1606.793813,1024,9412.593621
1471.71089,1024,9417.237752
1533.281717,1024,9422.565924
1496.227647,1024,9428.027853
1563.358188,1024,9432.752736
1570.464322,1024,9438.607445
1600.837263,1024,9443.273251
1564.918842,1024,9447.947641
1547.263537,1024,9453.786758
1606.12679,1024,9458.552837
1593.279759,1024,9463.480384
1602.472841,1024,9469.202899
5.66202,9,9469.22454
1581.653679,1024,9473.93499
1513.480539,1024,9479.290804
1628.21834,1024,9484.416986
1639.995919,1024,9489.206564
1556.127921,1024,9495.045408
1481.395965,1024,9499.683197
1596.453074,1024,9504.580037
4.741314,9,9504.602163
1606.074462,1024,9510.488464
1495.316676,1024,9515.216719
1596.782905,1024,9520.388482
1557.135622,1024,9525.865804
1595.998334,1024,9530.779523
1602.704217,1024,9537.118054
1485.647055,1024,9541.909146
1551.550197,1024,9546.574722
1641.079093,1024,9552.490988
4.383325,9,9552.51466
1490.260841,1024,9557.228843
1543.577266,1024,9562.379099
1632.0301,1024,9567.743761
1511.289814,1024,9572.376454
3.463215,9,9572.402408
1498.998526,1024,9577.697129
1515.050215,1024,9582.683566
1572.448012,1024,9587.206849
1508.942461,1024,9592.781451
1497.57396,1024,9597.396468
1587.729422,1024,9601.918901
1508.428698,1024,9607.558686
1551.824155,1024,9612.138609
1574.068074,1024,9616.806007
1562.457441,1024,9622.562797
1581.393646,1024,9627.131449
1552.632284,1024,9631.769274
1602.542772,1024,9637.22889
1602.305133,1024,9642.183975
1577.478903,1024,9647.406101
1525.251594,1024,9652.808921
1532.725966,1024,9657.360378
1574.577396,1024,9663.205808
1527.13306,1024,9667.987125
1538.361526,1024,9672.779992
1477.122168,1024,9678.617339
1638.598253,1024,9683.265102
1605.157637,1024,9688.293077
1640.71106,1024,9693.90344
1546.126655,1024,9698.607826
1592.239401,1024,9704.095779
1542.977333,1024,9709.059094
1493.195488,1024,9713.820029
1643.559732,1024,9719.612133
1560.987402,1024,9724.152505
1518.978423,1024,9728.807508
8.310857,9,9728.827342
1609.584255,1024,9734.69633
1600.517907,1024,9739.230146
1618.20992,1024,9744.135605
1562.949646,1024,9749.669855
1546.524209,1024,9754.463821
1577.829499,1024,9759.668831
1636.230965,1024,9764.822473
1646.314765,1024,9769.48264
1555.844438,1024,9775.332842
1582.976943,1024,9780.120859
1561.050644,1024,9785.105755
7.47324,9,9785.130378
1498.075291,1024,9791.260206
1542.905851,1024,9796.040834
1567.925367,1024,9801.496625
1572.690616,1024,9806.878087
1499.08672,1024,9811.537803
1609.21879,1024,9817.558746
4.187465,9,9817.579433
1537.995726,1024,9822.175226
1572.866522,1024,9826.75305
1528.729582,1024,9832.648535
1564.685072,1024,9837.363878
1512.141434,1024,9842.186905
1613.195727,1024,9847.950429
1521.873479,1024,9852.786045
1609.440403,1024,9858.219134
7.215014,9,9858.250057
1566.561052,1024,9863.382623
1538.694008,1024,9868.003414
1605.464147,1024,9873.822222
1574.145261,1024,9878.393831
1619.358105,1024,9883.133516
1619.64951,1024,9888.921449
1602.461473,1024,9893.614384
1620.894873,1024,9898.571621
1622.314345,1024,9904.234169
1593.036613,1024,9908.993132
1590.456508,1024,9914.803176
1612.196724,1024,9919.862651
1615.841002,1024,9924.565013
1615.731051,1024,9930.396745
1554.118805,1024,9935.137169
5.322071,9,9935.160845
1551.627278,1024,9939.955548
6.88069,10,9939.988476
1600.053549,1024,9945.885567
1623.015623,1024,9950.508314
6.690206,9,9950.527457
7.349143,9,9950.550393
1581.360447,1024,9955.779885
1618.625561,1024,9960.988309
1606.275195,1024,9965.566781
1575.224362,1024,9971.248543
4.47859,9,9971.281856
1567.52977,1024,9976.156547
4.625178,11,9976.18087
1565.646053,1024,9981.04634
1605.416438,1024,9986.932453
1571.792769,1024,9991.480146
1542.835766,1024,9996.229907
1589.84217,1024,10002.038225
1566.296014,1024,10006.719222
1646.203667,1024,10012.055725
1585.134665,1024,10017.238324
1569.149328,1024,10022.000532
1573.345028,1024,10027.867865
1638.001725,1024,10032.7886
1639.605394,1024,10037.574741
1579.491663,1024,10043.605412
1619.696024,1024,10048.503407
1575.767611,1024,10053.931195
1632.288634,1024,10059.391924
1588.937687,1024,10064.031746
1604.667758,1024,10069.974065
5.450086,8,10070.006188
1541.824901,1024,10074.727166
1606.454913,1024,10079.362837
1550.878291,1024,10085.224898
1616.404635,1024,10089.904891
1590.313218,1024,10094.783007
1612.730575,1024,10100.45524
1588.44104,1024,10105.313354
1571.995262,1024,10110.805756
1632.147044,1024,10116.002095
1638.309928,1024,10120.550203
1640.483508,1024,10126.273141
1622.139479,1024,10130.975749
1593.013375,1024,10135.671734
1576.946216,1024,10141.505327
1651.468351,1024,10146.259352
1605.425083,1024,10151.395222
1581.746581,1024,10156.869563
1641.796484,1024,10161.559599
8.186224,12,10161.595451
1591.564752,1024,10167.035992
1602.93057,1024,10172.04917
8.016714,10,10172.074866
1576.402807,1024,10176.778114
1571.86162,1024,10182.601717
1572.613448,1024,10187.042183
1609.122822,1024,10191.581326
1585.072514,1024,10197.311983
1553.873583,1024,10201.909378
1639.296994,1024,10206.618337
1649.420271,1024,10212.388557
1648.543203,1024,10216.890242
1617.502141,1024,10221.914579
1603.915316,1024,10227.066349
1593.578791,1024,10231.607591
1566.657414,1024,10236.835029
6.130903,10,10236.865706
1604.829108,1024,10241.870668
1575.340648,1024,10246.435988
1585.96127,1024,10251.997934
1588.834375,1024,10256.483468
5.19379,9,10256.504496
1626.111051,1024,10261.149823
